# id	title(한글)	title_en	category	sensitive
348	파리 나이트 캠페인	Paris Night Campaign	하이패션 / 화보	0
349	실크 프린세스 가운	Silk Princess Gown	웨딩 / 브라이덜	0
350	수채화 플라워 크라운	Watercolor Flower Crown	예술 / 클래식	0
351	흑백 펜슬 드로잉	B&W Pencil Sketch	예술 / 클래식	0
352	스트라이프 데일리	Stripe Daily Look	일상 스냅	0
353	쿠션 위 코지 셀피	Cozy Cushion Selfie	일상 스냅	0
354	창가 카페 니트	Window Cafe Knit	일상 스냅	0
355	빅토리안 브라이덜	Victorian Bridal	웨딩 / 브라이덜	0
356	블랙 백리스 드레스	Backless Black Dress	하이패션 / 화보	0
357	이자카야 감성	Izakaya Evening	일상 스냅	0
358	핀스트라이프 셔츠룩	Pinstripe Shirt Look	하이패션 / 화보	0
359	레드 드레스 에디토리얼	Red Dress Editorial	하이패션 / 화보	0
360	핑크 벌룬 웨딩	Pink Balloon Wedding	웨딩 / 브라이덜	0
